First Name,Last Name,Age
Burdette,Gusikowski,53
Erik,Anderson,21
Carmelo,Smith,33
Jerald,Hamill,41
Makayla,Corkery,25
Marielle,Wyman,77
Karina,McLaughlin,69
Stacy,Doyle,79
Joy,Corwin,53
Maybell,Ankunding,77
Rae,Little,19
Jamir,Lakin,79
Kaylie,Durgan,28
Sabina,Gottlieb,31
Kristian,Murray,36
Regan,Strosin,78
Sam,Terry,72
Aryanna,Kirlin,30
Reed,Mraz,35
Marcelo,Stehr,20
Annalise,Quitzon,20
Enrico,Nolan,58
Linwood,Jerde,79
Tyrique,Thompson,77
Amelie,Gottlieb,65
Davon,Zieme,46
Kassandra,Dietrich,22
Ernestine,Ward,18
Bryana,Farrell,74
Tressie,O'Hara,51
Tyrique,Schmidt,49
Jeanne,Klein,65
Sydnie,Dibbert,61
Ayana,Fritsch,28
Nico,Heathcote,28
Berniece,Bednar,68
Greg,Cruickshank,78
Opal,Borer,73
Estevan,Vandervort,26
Stephan,Smith,78
Florence,McLaughlin,63
Beaulah,Gutmann,78
Malachi,Kertzmann,59
Rylan,Kris,67
Neal,Bailey,34
Chadd,Upton,33
Jamel,Ziemann,23
Jamal,Walter,72
Jay,Christiansen,24
Marlee,Ritchie,33
Joe,Bosco,30
Antone,Runolfsson,70
Sven,Gleason,60
Elvie,Schaden,70
Camren,Johnston,66
Heloise,Walker,47
Raquel,Jakubowski,27
Asha,Kirlin,34
Arnaldo,Haag,49
Oswaldo,Hane,76
Lewis,Hayes,49
Leopold,O'Kon,67
Lavinia,Goldner,71
Dino,Walsh,19
Leopoldo,Langworth,44
Leopold,Bogan,18
Albin,Lakin,68
Nat,McDermott,65
Jordi,Boehm,56
Minnie,Nader,22
Dustin,Jerde,69
Robb,O'Hara,20
Bethany,Hackett,46
Nona,Waelchi,40
Pearlie,Schroeder,19
Ayden,Schaefer,22
Jameson,Rath,47
Darlene,Bosco,47
Katherine,Blanda,58
Zoie,Conroy,22
Elena,Bosco,64
Thomas,Miller,27
Ashlee,Lueilwitz,55
Telly,Herman,69
Terence,Ortiz,52
Robin,Heller,19
Joshua,Koepp,21
Dayana,Hane,44
Walton,O'Reilly,79
Brendon,Schulist,56
Isai,Wiegand,50
Lucie,Greenfelder,79
Eddie,Bogan,61
Julianne,Volkman,25
Chesley,Reichert,78
Nels,Sipes,54
Hudson,Kutch,32
Montana,Gislason,65
Jensen,Ortiz,36
Julius,Koss,60
Norbert,Moore,24
Demetris,Torp,23
Jerrold,Klocko,34
Kory,Kerluke,23
Vance,Baumbach,33
Alysson,Heidenreich,28
Madalyn,Grant,51
Meda,Muller,54
Clay,Herzog,54
Jabari,Hagenes,28
Estella,Doyle,18
Bette,Wolff,46
Alyce,Dietrich,21
Josephine,Hagenes,65
Gregg,Morar,49
Ansel,Swift,24
Marisol,Sawayn,20
Leola,Muller,70
Kenya,Hills,25
Kody,Schoen,20
Kaelyn,Jerde,43
Kade,Gulgowski,77
Alison,Grimes,64
Nat,Corkery,47
Sabina,Nader,69
Polly,Walsh,50
Kavon,Powlowski,31
Edwina,Mertz,27
Jaclyn,Labadie,46
Rene,Thompson,74
Fletcher,Weber,27
Cole,Hermiston,24
Wilton,Schowalter,28
Wanda,Murray,59
Wendy,Dicki,41
Elinore,Von,38
Brigitte,Baumbach,50
Jakob,Hessel,34
Cecil,Padberg,60
Rolando,Rath,55
Marjorie,Bartoletti,58
Baron,Russel,35
Louvenia,Rempel,68
Buddy,Hoeger,59
Rhett,Heidenreich,63
Rylan,Schuppe,58
Amir,Pfannerstill,45
Dale,Hintz,77
Roxanne,Zieme,40
Trevor,Cartwright,53
Ubaldo,Bayer,32
Kaci,Crona,40
Alyce,Kessler,29
Wilton,Kuhic,57
Jayson,Kihn,33
Eudora,Renner,31
Jimmy,Buckridge,45
Leora,Pouros,77
Everette,Reichert,40
Juwan,Hegmann,31
Eveline,Jacobi,40
Carmine,Lemke,61
Adrain,Jenkins,48
Jordane,Erdman,55
Mireya,Abernathy,58
Nyah,Bogisich,50
Alverta,Glover,37
Destinee,Murphy,44
Simone,Cronin,65
Watson,Anderson,44
Margarita,Pouros,67
Ismael,Kub,48
Carole,Swift,53
Rosario,Schaden,41
Makayla,Johnston,19
Marcellus,Baumbach,27
Shaylee,Ward,34
Eve,Abbott,21
Idella,Roberts,77
Zoe,Pollich,72
Haskell,Mante,36
Kelli,Price,70
Martina,Kohler,48
Kane,Stroman,34
Bertram,Runte,64
Curt,Nader,64
Jermain,Terry,26
Gina,McCullough,35
Bette,Torp,35
Noemy,Runte,68
Chesley,Champlin,35
Ramon,Schamberger,27
Louie,Leffler,19
Stacy,Dickinson,19
Enrique,Funk,44
Lolita,Keebler,41
Fanny,Kris,18
Rasheed,Halvorson,38
Eino,Kuhlman,61
Eunice,Block,41
Vaughn,Jast,73
Watson,Kihn,76
Trevion,Lemke,42
Hulda,Smitham,54
Ottis,Bahringer,76
Napoleon,Collins,52
Zander,Moen,50
Mario,Ankunding,55
Cary,Dach,49
Tracey,Davis,18
Ottilie,Volkman,21
Fatima,Mayert,24
Johnathon,Cremin,65
Hellen,Mills,24
Elbert,Nolan,63
Nakia,Auer,43
Jamison,King,59
Deanna,Sanford,76
Ethyl,Lubowitz,27
Tony,Bradtke,54
Mortimer,Luettgen,39
Gustave,Kirlin,52
Merlin,Kreiger,27
Pearlie,Glover,50
Harmony,Muller,20
Josefa,Wintheiser,40
Lauryn,Prosacco,23
Candida,Nader,65
Paolo,Johns,52
Brant,Flatley,24
Emmet,Ratke,27
Hermina,Aufderhar,52
Peter,Rau,25
Lazaro,Hauck,28
Maegan,Carroll,28
Marques,Hahn,68
Shaun,Kuhic,29
Amiya,Lynch,51
Earline,Pfannerstill,35
Tatum,Morar,57
Lora,Daugherty,75
Ambrose,Goodwin,56
Edison,Hilll,57
Ole,Shanahan,56
Dereck,Homenick,46
Kavon,Ankunding,45
Nelda,Ritchie,40
Christian,King,78
Bobbie,Waelchi,59
Dean,Schuster,74
Darrick,Prosacco,77
Toy,Mann,35
Bella,Kuhn,49
Jermey,Walter,64
Karl,Morissette,79
Jolie,Block,21
Trevor,Quigley,54
Marquis,Sipes,44
Yvette,Balistreri,73
Glenda,Spinka,63
Alexander,Stiedemann,26
Samson,Denesik,54
Garry,Grimes,67
Vanessa,Bernier,70
Kelley,Pollich,74
Emely,Mitchell,39
Ian,Carroll,72
Rose,Hackett,18
Janet,Bins,34
Linda,Olson,77
Meagan,McLaughlin,30
Sammy,Jacobs,43
Cydney,Strosin,44
Evalyn,Erdman,27
Elias,Pacocha,38
Jennie,Smitham,78
Zoila,Mills,75
Mortimer,O'Kon,51
Destin,Lueilwitz,60
Krystina,Wunsch,37
Anika,Lubowitz,18
Carolyn,Lowe,24
Kaleigh,Hilpert,47
Laurine,McGlynn,38
Brooklyn,Batz,64
Cordelia,Corkery,37
Perry,Maggio,55
Jammie,Bernier,72
Orin,Jacobson,52
Reinhold,Huels,21
Cloyd,Hahn,42
Sasha,Braun,43
Gustave,Koch,42
Jed,Dicki,26
Darwin,Buckridge,51
Nadia,Hartmann,50
Abdul,Smitham,39
Arnaldo,Homenick,27
Zachariah,Hayes,28
Jayde,Upton,43
Roxane,Hickle,44
Reinhold,Stoltenberg,23
Justina,Littel,55
Norberto,Stanton,71
Macie,Stroman,37
Abraham,Bosco,18
Desmond,Pagac,76
Stanton,Dare,54
Coleman,Turner,30
Sterling,Ullrich,54
Seamus,Farrell,24
Green,Senger,53
Beth,Conroy,23
Hayden,Mayert,19
Hildegard,Borer,77
Titus,Lind,74
Norris,Gottlieb,56
Royal,Block,45
Roderick,Hand,45
Jovani,Roberts,64
Rigoberto,White,34
Zoie,O'Connell,35
Andy,Thiel,31
Dudley,Tromp,57
Jada,Pfannerstill,20
Francesca,Pfeffer,41
Ima,Rutherford,37
Dixie,Tremblay,39
Cleveland,King,45
Cathryn,Jakubowski,58
Ernestine,Gleichner,70
Wilmer,Kertzmann,46
Laron,O'Conner,28
Mckayla,Grant,75
Bernice,Moore,70
Aliyah,Johnston,21
Sharon,Emard,68
Sheridan,Leuschke,37
Sonny,Ernser,71
Hosea,Watsica,47
Emiliano,Halvorson,59
Samir,Bednar,50
Domingo,Dach,33
Dudley,Tromp,19
Jerome,Heidenreich,18
Rosendo,Kub,49
Sean,Wiza,41
Theresa,Rowe,55
Ericka,Schaden,65
Adrienne,Krajcik,28
Katrina,Hartmann,44
Lucinda,Romaguera,26
Marcel,Douglas,78
Garnet,Bashirian,75
Alexandrine,West,74
Tyree,Bartoletti,74
Chance,Russel,61
Micah,Moore,71
Malvina,Green,61
Ubaldo,Torphy,44
Bernardo,Emmerich,62
Ulices,Osinski,64
Delpha,Koch,53
Odie,Greenholt,42
Herminio,Hayes,69
Maida,Rempel,48
Eric,Frami,30
Chanelle,Prohaska,54
Shakira,Kuvalis,75
Zander,Koch,20
Elva,Heaney,42
Emmalee,Mitchell,74
Alize,Hirthe,34
Delmer,Wiza,42
Enrico,Jacobi,62
Junior,Padberg,36
Winfield,Dare,67
Kathryne,Leuschke,76
Bobby,Lebsack,50
Nils,McLaughlin,51
Theron,Mills,27
Jeremy,Kilback,34
Van,Bednar,46
Carlie,Ondricka,27
Zetta,Stiedemann,53
Annalise,Casper,76
Norval,McKenzie,65
Roderick,Cummings,77
Delilah,Hermiston,62
Clemens,Kreiger,59
Camden,Halvorson,36
Lillie,Yost,60
Ryan,Reinger,75
Guy,Marquardt,75
Madeline,Hahn,62
Sigrid,Beatty,73
Desmond,Konopelski,71
Cullen,Jones,33
Ottilie,Grady,34
Amie,McGlynn,24
Jayce,Bartell,57
Elenor,Carter,41
Alva,Nicolas,21
Javier,Mann,33
Darion,Kertzmann,61
Khalil,Kulas,23
Bertrand,Rempel,27
Domenico,Johnson,60
Dorcas,Bergstrom,43
Eliza,Langosh,78
Bethany,Kozey,75
Johanna,Torphy,31
Margaretta,Altenwerth,58
Nathanael,Treutel,26
Eliseo,Donnelly,78
Sherman,Fahey,61
Brandyn,Pfannerstill,44
Mckenzie,Stiedemann,42
Alexie,Hammes,77
Carmine,Gibson,25
Audra,Sauer,61
Francisca,Mueller,49
Dolores,Kunze,18
Brendan,Gleason,31
Ray,Raynor,36
Dawn,Klein,48
Riley,Krajcik,69
Leta,Rippin,70
Saige,Nolan,25
Genesis,Mann,60
Jaren,Corwin,79
Rickie,Jacobi,40
Afton,Walsh,20
Vanessa,Powlowski,32
Francesco,Schultz,66
Sterling,Murazik,78
Kamren,Mante,75
Hector,Stamm,27
Jackson,Boyle,25
Bell,Zboncak,24
Carmelo,Stanton,43
Kraig,Labadie,63
Sam,Sporer,70
Emely,Mitchell,62
Krystal,Reilly,38
Filiberto,Klein,41
Corbin,Runolfsson,29
Aylin,Predovic,57
Adaline,Sporer,58
Cayla,Hilll,21
Tracy,Gerhold,47
Ellis,Haag,21
Dante,Denesik,31
Eli,Dickinson,54
Josiane,Terry,40
Arno,Turner,67
Ariel,Ankunding,56
Kelli,Lindgren,61
Antonietta,Bayer,22
Zakary,Lang,60
Aida,Heaney,66
Amparo,Jones,59
Jonatan,Kautzer,63
Autumn,Stoltenberg,64
Josh,Dicki,70
Reta,Weissnat,46
Sarai,Leannon,28
Trudie,Kulas,73
Aliyah,Swaniawski,57
Daren,Kunze,22
Laverna,Deckow,69
Ena,Osinski,77
Valentin,Mills,50
Loma,Legros,18
Kieran,Orn,18
Eino,Wunsch,28
Cody,Lubowitz,33
Maud,Lindgren,71
Isabelle,Mitchell,58
Adrienne,Keebler,19
Ryder,Frami,38
Itzel,Schiller,75
Mathias,Price,26
Erica,Hayes,47
Aurelia,Harber,56
Violette,Kohler,47
Vernie,Bins,25
Sid,Kris,66
Velva,Bahringer,65
Jane,Waters,19
Geovanni,Robel,75
Quincy,Feest,61
Eryn,Stroman,35
Elena,Stanton,55
Tanya,Corkery,44
Jacinthe,Hartmann,73
Rachelle,Rau,33
Hannah,Eichmann,39
Devonte,Wisoky,24
Gardner,O'Kon,66
Rachael,Gottlieb,70
Reilly,Mann,46
Andreanne,Blanda,79
Flossie,Haag,50
Maxine,Kub,77
Flavio,Cole,37
Cory,Koelpin,61
Makenna,Schroeder,53
Aiyana,Schmidt,46
Faye,Ziemann,23
Rodrick,Effertz,57
Luther,Ortiz,44
Orlo,Dibbert,21
Charley,Simonis,73
Daren,Wilkinson,26
Rowan,Rice,73
Mina,Mitchell,36
Fiona,Welch,74
Emiliano,Feil,69
Roger,Marquardt,63
Lindsay,Haley,78
Alfredo,Hyatt,44
Nick,Cole,70
Afton,Deckow,50
Camryn,Bergnaum,49
Stella,Welch,45
Pascale,Schulist,78
Ally,Harvey,20
Darius,Satterfield,22
Annabel,O'Connell,78
Sheldon,Lockman,25
Zakary,Swift,54
Marie,Green,35
Kenny,Fay,30
Doyle,Cole,41
Uriah,Johnson,64
Danny,Hudson,36
Dessie,Greenholt,33
Tre,Hane,32
Presley,Hintz,43
Nina,Bergnaum,54
Yolanda,Mann,42
Kara,O'Conner,28
Robbie,Cole,31
Deja,Labadie,57
Demetrius,Aufderhar,46
Oma,Shields,19
Ahmad,Lesch,57
Carole,Grimes,54
Stone,Hudson,47
Gonzalo,Rohan,41
Kristina,Huels,74
Adolphus,Waelchi,30
Cathryn,Hyatt,48
Kolby,Champlin,64
Eunice,Rempel,73
Dulce,Daniel,42
Shad,Von,70
Everett,Bauch,46
Teagan,Tillman,55
Angelica,Shanahan,69
Damon,Olson,60
Colleen,Rath,37
Jarrell,Schowalter,49
Shania,Abbott,79
Briana,Gerhold,42
Haley,Stamm,66
Webster,Langworth,18
Carolyn,Kertzmann,63
Frederique,Smith,48
Ursula,Labadie,19
Mike,Weissnat,43
Sister,Reilly,58
Nicolette,Bradtke,56
Lonie,Heaney,32
Lolita,Emard,20
Jillian,Okuneva,65
Lazaro,Nader,61
Edyth,Breitenberg,72
Newton,Ruecker,36
Kattie,Herzog,28
Abigale,O'Hara,31
Shawna,Zemlak,70
Darren,Jacobi,64
Tessie,Carter,59
Randal,Effertz,56
Ottilie,Wiza,19
Gudrun,Flatley,26
Eulah,Schaden,58
Dexter,Davis,69
Mattie,Feest,21
Clarissa,Koss,46
Deven,Steuber,42
Gus,Fay,68
Jared,DuBuque,41
Tanner,Stokes,40
Reynold,Greenfelder,54
Bert,Jacobs,59
Roy,Watsica,59
Emmalee,Kuphal,28
Camden,Kunde,23
Anabelle,Lueilwitz,44
Jarret,Rath,50
Talon,Kutch,69
Amely,Oberbrunner,73
Madilyn,Cummerata,27
Matilda,Gulgowski,34
Germaine,Kuvalis,39
Kamren,Hagenes,31
Roxanne,Dare,61
Gerard,Hintz,56
Arvilla,Willms,47
Estell,Hermiston,37
Vita,Beahan,63
Bria,Bartell,37
Arne,Sauer,50
Zachariah,Bernhard,47
Larue,Hintz,39
Lorenz,Bradtke,37
Rusty,Schulist,50
Durward,Feest,21
Claude,Hammes,60
Skylar,Rutherford,23
Elizabeth,Greenfelder,33
Nikita,Eichmann,21
Abigayle,Kuphal,26
Felipe,Wuckert,24
Sierra,Schmitt,19
Junius,Nader,38
Vena,Hoeger,72
Dennis,O'Conner,45
Joana,DuBuque,54
Billie,Gaylord,68
Dorcas,Beahan,48
Madaline,Considine,74
Mozelle,Feest,21
Hugh,Brakus,26
Eulalia,Rosenbaum,53
Nikko,Crooks,30
Robin,Gutmann,45
Adam,Stark,79
Gay,Simonis,77
Lily,Goldner,55
Giovanni,Renner,30
Dessie,Cassin,77
Jayda,Ledner,29
Oma,Huel,35
Stewart,Keeling,73
Mara,Hilpert,79
Zachariah,Rempel,29
Elvera,Russel,54
Deanna,Armstrong,78
Frederic,O'Reilly,37
Flavie,Hansen,56
Wellington,McKenzie,44
Twila,Sawayn,40
Dewayne,Jast,66
Mac,Huels,78
Mavis,Legros,71
Arjun,Kunze,30
Irma,Wehner,49
Sydni,Kunze,22
Wilson,Halvorson,39
Dewitt,Reynolds,48
Uriel,Hamill,53
Bret,Rohan,37
Breanna,Schaden,45
Jonathon,Shanahan,29
Casimer,McGlynn,65
Mercedes,Bednar,27
Izaiah,Rosenbaum,71
Shany,Hilll,61
Darrin,O'Reilly,54
Catalina,Bernhard,48
Garrick,Bradtke,22
Kiarra,Cummerata,70
Talia,Beahan,70
Selina,McLaughlin,68
Jonathon,Wintheiser,62
Ebony,Russel,52
Laura,Gleichner,50
Beaulah,Deckow,60
Donnell,Schowalter,77
Sidney,Wisoky,78
Danielle,Kemmer,68
Juwan,Johnson,67
Romaine,Aufderhar,38
Agustina,Reilly,44
Darrin,Herzog,66
Billy,Turcotte,28
Josue,Hayes,72
Teagan,O'Connell,22
Rodrigo,Konopelski,21
Kole,Stanton,79
Blanca,Boehm,35
Karelle,Miller,28
Baron,Pagac,36
Edna,Russel,74
Hilda,Olson,30
Moses,Pollich,68
Kennedi,Botsford,64
Elwin,Schmidt,18
Annabelle,Barrows,33
Manuela,Stoltenberg,72
Irma,Tillman,75
Joe,Johnston,45
Barry,Dickinson,40
Hilbert,Hilll,62
Chanelle,Watsica,64
Sibyl,Kutch,65
Wilson,Kerluke,44
Rachel,Pouros,36
Maverick,Wuckert,34
Marlee,Bernhard,45
Ima,Hoeger,66
Cecile,Satterfield,37
Raheem,Mohr,27
Reagan,Morar,51
Domingo,Gorczany,46
Gerry,Kiehn,26
Hildegard,O'Kon,63
Sydney,Heller,47
Kaela,Skiles,50
Eriberto,Roberts,40
Bell,McLaughlin,34
Simone,Metz,33
Orland,Padberg,76
Ursula,Jones,42
Krystel,Weimann,60
Geovanni,Koepp,62
Stanton,Kreiger,26
Bailey,Stehr,75
Aracely,Abernathy,50
Carissa,Kris,78
Bruce,Volkman,47
Jace,Brakus,28
Mossie,Dach,29
Monique,Ortiz,45
Dashawn,Kuphal,28
Mia,Fritsch,57
Jamir,Blanda,63
Bart,Watsica,24
Annabell,Kassulke,26
Tod,Wiza,77
Antonio,Abernathy,71
Brandt,Wiegand,39
Meaghan,Metz,41
Lenna,McGlynn,50
Osvaldo,Mitchell,54
Amber,Fritsch,34
Tobin,Jaskolski,22
Dorian,Kshlerin,75
Cyril,Herman,53
Tyrese,Anderson,66
Vincenza,Kassulke,42
Sarina,Schiller,42
Mae,Mayert,41
Bridget,Denesik,53
Elroy,Reichert,59
Ellen,Doyle,27
Lillie,Aufderhar,30
Jaquan,Dach,34
Misty,Wiza,77
Tierra,Robel,54
Sonya,Cummerata,48
Priscilla,Cronin,26
Theo,Will,59
Tanner,Rosenbaum,35
Annamae,West,58
Rogers,Bashirian,48
Okey,Wyman,33
Shayna,Von,32
Kelli,Parker,72
Barry,Nienow,55
Clinton,Gerhold,20
Melisa,Wyman,39
Harley,Ullrich,76
Eldora,Daniel,47
Elmer,Jakubowski,73
Daren,Schiller,18
Ellis,Hayes,28
Harmon,Doyle,67
Destany,Wisoky,75
Shaniya,Bartoletti,71
Donna,Hegmann,31
Kallie,White,34
Furman,Watsica,23
Romaine,Cruickshank,53
Allan,Parisian,52
Benny,Kunze,18
Laurine,Howe,45
Bradly,Emard,74
Kylee,Hirthe,28
Ike,Bruen,60
Jazmyn,Fay,18
Chelsea,Hodkiewicz,75
Dorcas,Tremblay,53
Jesus,Schaefer,26
Reinhold,Lakin,21
Dandre,Fay,66
Amy,Robel,34
Dashawn,Goldner,75
Jessyca,Romaguera,41
Julio,Koepp,53
Brayan,Glover,69
Cydney,Hansen,33
Jermain,Nitzsche,45
Verona,Wolff,50
Alda,Smitham,52
Isobel,Ernser,45
Aliyah,Witting,22
Erna,Okuneva,71
Vincenza,O'Reilly,46
Kaycee,Cruickshank,56
Lelia,Cartwright,68
Fatima,Walter,63
Assunta,Bergnaum,30
Leta,Monahan,48
Frances,Thiel,58
Orin,Luettgen,31
Jacky,Schultz,44
Shanelle,Stark,65
Colton,Osinski,42
Katrina,Jaskolski,73
Levi,Kozey,48
Lia,Schulist,31
Gia,Walter,53
Eleazar,Larkin,63
Albina,Hoeger,62
Gerhard,Toy,25
Terrell,Schaden,53
Dariana,Dicki,32
Kolby,Gleichner,38
Consuelo,Murphy,45
Carmen,Harvey,72
Jayne,Medhurst,77
Mathilde,Boyle,24
Garnet,Tillman,27
Rogers,Harris,26
Matt,Mayert,73
Jarred,Osinski,51
Glen,Renner,41
Lina,Pouros,54
Baylee,Nolan,45
Major,Cronin,33
Arlene,Russel,33
Stan,Oberbrunner,78
Randal,Smith,48
Gerhard,Goodwin,61
Pinkie,Balistreri,37
Edwardo,Gutmann,65
Felicia,Weissnat,49
Jeffery,Lind,34
Kiarra,West,65
Karl,Nitzsche,48
Branson,Cummings,18
Eula,Hegmann,48
Reggie,Strosin,44
Samir,Murazik,67
Friedrich,Moen,66
Orville,Veum,63
Darrin,Turcotte,23
Izaiah,Kassulke,58
Kory,Wiza,78
Dino,Bartoletti,67
Domenick,Cummings,32
Jake,Gibson,74
Gregg,Bogisich,73
Marques,Torphy,31
Petra,Hilll,73
Kelton,Bayer,60
Jerrold,Emmerich,31
Monserrate,Goyette,38
Chase,Labadie,56
Arvilla,Adams,47
Joy,Padberg,25
Leda,Koss,56
Alphonso,Hauck,27
Tanner,Osinski,18
Rocio,Beer,73
Natalia,Heathcote,19
Sarah,Wehner,53
Jaycee,Thompson,33
Cierra,Rogahn,76
Marilyne,Stanton,53
Davin,Berge,69
Cary,Monahan,20
Ayana,Hyatt,61
Alize,Dietrich,50
Dorothea,Considine,55
Demetris,Baumbach,24
Augustus,Goyette,47
Katarina,Goldner,21
Sid,Blanda,71
Birdie,Jacobi,18
Nestor,King,51
Tavares,Spencer,20
Shanny,Moore,67
Dominic,Vandervort,77
Kenna,Mueller,58
Warren,Senger,78
Stanford,Kertzmann,44
Buddy,Terry,75
Zetta,Ferry,28
Ernesto,Padberg,18
Bert,Block,60
Fernando,Leuschke,23
Mayra,Schuppe,44
Amely,Zieme,65
Giovanni,Stokes,22
Angie,Baumbach,26
Audra,Quigley,20
Gianni,Hills,26
Linnie,Erdman,42
Caroline,Shields,61
Isidro,Schmitt,55
Eliane,Schumm,35
Ladarius,Pagac,71
Alena,Kessler,26
Kayli,Will,59
Adella,Koss,23
Oran,Lueilwitz,43
Bennett,Fahey,50
Ken,Gutkowski,73
Zora,Hackett,32
Santos,Hegmann,56
Saige,Cole,38
Declan,Mueller,42
Chaim,Reynolds,54
Zackery,Lockman,41
Marianne,Smith,25
Jesus,Price,38
Lela,McDermott,71
Ubaldo,Waelchi,53
Rosemarie,Paucek,51
Alexis,Franecki,46
Roman,Jakubowski,53
Valentin,Blanda,28
Tierra,Braun,79
Quinn,Ziemann,44
Irwin,Lueilwitz,40
Adaline,Will,67
Louie,Cummings,37
Myrl,Grimes,23
Coleman,Terry,63
Edmund,Conroy,19
Raina,Schiller,32
Lera,Douglas,54
Sage,Weimann,76
Roselyn,Ullrich,48
Nova,O'Keefe,34
Alycia,Homenick,67
Jeramy,Bauch,73
Emerson,Hilll,56
Jodie,Hilpert,20
Mark,Quitzon,21
Cassie,Fahey,33
Agustina,Goyette,38
Constance,Tillman,41
Randall,Nader,56
Aditya,Lang,27
Braden,Bode,48
Shirley,Wolff,45
Abbigail,Konopelski,48
Electa,Gibson,61
Estelle,Kihn,61
Jany,Gleason,56
Herta,Sawayn,57
Angelita,Pouros,34
Desiree,Towne,53
Audra,Doyle,49
Lelah,Dickinson,19
Bertha,Wilderman,69
Josh,Padberg,19
Ebba,Cormier,47
Madyson,Cartwright,67
Libby,Johnson,43
Lamont,Ruecker,22
Tyson,Ziemann,62
Houston,Schinner,55
Schuyler,Kirlin,23
Okey,Terry,23
Kobe,Stanton,66
Chanel,Flatley,74
Nicholas,Legros,19
Betty,Ziemann,59
Lafayette,Buckridge,68
Nona,Heller,47
Ethelyn,Bailey,60
Wilhelm,Hickle,62
Harmony,Kuvalis,62
Juvenal,Sawayn,36
Fernando,Nolan,29
Melvina,Bradtke,34
Nora,Romaguera,67
Ova,Stehr,18
Dangelo,Waters,75
Omari,Bailey,25
Beth,Dicki,38
Mariam,Borer,59
